Feature,Disparate Impact,Demographic Parity Diff,Equal Opportunity Diff
Gender,0.9232720355104628,0.061234817813765274,0.09486166007905128
Married,0.9585749792874897,0.03304692663582287,0.0581113801452785
Education,0.8330000000000001,0.13632653061224487,0.019607843137254832
Credit_History,0.0,0.8,0.6666666666666666
